,Date_Released,Lifetime_Gross,Title,Subgenre
0,"Dec 18, 2009",749766139,Avatar,Affliction
1,"Aug 3, 2007",227471070,The Bourne Ultimatum,Affliction
2,"Jul 23, 2004",176241941,The Bourne Supremacy,Affliction
3,"Feb 10, 2012",125014030,The Vow,Affliction
4,"Jun 14, 2002",121661683,The Bourne Identity,Affliction
5,"Feb 13, 2004",120908074,50 First Dates,Affliction
6,"Jun 1, 1990",119394840,Total Recall,Affliction
7,"Dec 15, 2004",100492203,Million Dollar Baby,Affliction
8,"Jun 25, 2004",81001787,The Notebook,Affliction
9,"Dec 22, 1989",70001698,Born on the Fourth of July,Affliction
10,"Sep 24, 2004",67133509,The Forgotten,Affliction
11,"Nov 5, 1999",66518655,The Bone Collector,Affliction
12,"Feb 18, 2011",63686397,Unknown,Affliction
13,"Nov 21, 2003",59694580,Gothika,Affliction
14,"Aug 3, 2012",58877969,Total Recall,Affliction
15,"Nov 14, 1997",58406347,Anastasia,Affliction
16,"Dec 25, 2003",53790451,Paycheck,Affliction
17,"Jul 12, 1991",43001500,Regarding Henry,Affliction
18,"Aug 23, 1991",38016380,Dead Again,Affliction
19,"Nov 7, 2014",35893537,The Theory of Everything,Affliction
20,"Mar 19, 2004",34400301,Eternal Sunshine of the Spotless Mind,Affliction
21,"Oct 11, 1996",33447612,The Long Kiss Goodnight,Affliction
22,"Feb 15, 1978",32653905,Coming Home,Affliction
23,"Dec 21, 2001",27807266,The Majestic,Affliction
24,"Mar 29, 1985",27398584,Desperately Seeking Susan,Affliction
25,"Dec 18, 1987",26713187,Overboard,Affliction
26,"Mar 16, 2001",25544867,Memento,Affliction
27,"May 18, 2001",24174218,Angel Eyes,Affliction
28,"Sep 30, 2011",21302340,Dream House,Affliction
29,"Sep 27, 1996",17380126,Extreme Measures,Affliction
30,"Nov 10, 1989",14743391,My Left Foot,Affliction
31,"Feb 27, 1998",14378331,Dark City,Affliction
32,"Oct 24, 1997",12532777,Gattaca,Affliction
33,"Jan 1, 1978",11565678,The Other Side of the Mountain: Part II,Affliction
34,"May 25, 2012",10198820,The Intouchables,Affliction
35,"Dec 2, 1981",8206145,Whose Life Is It Anyway?,Affliction
36,"May 6, 1994",7355425,Clean Slate,Affliction
37,"Oct 8, 2001",7220243,Mulholland Drive,Affliction
38,"Aug 12, 1988",6424112,Mac and Me,Affliction
39,"Oct 19, 2012",6002451,The Sessions,Affliction
40,"Jul 29, 1988",5344577,Monkey Shines,Affliction
41,"Dec 9, 1992",4814619,Passion Fish,Affliction
42,"Sep 26, 1980",3910019,Resurrection,Affliction
43,"Dec 17, 2004",2104923,The Sea Inside,Affliction
44,"Nov 23, 2012",2062027,Rust and Bone,Affliction
45,"May 15, 1992",1723319,The Waterdance,Affliction
46,"Jul 8, 2005",1531154,Murderball,Affliction
47,"Jul 13, 2018",1441705,"Don't Worry, He Won't Get Far on Foot",Affliction
48,"May 19, 1995",757088,Amateur,Affliction
49,"Oct 13, 2017",490131,Breathe,Affliction
50,"Jun 12, 2009",123670,"War Eagle, Arkansas",Affliction
51,"Feb 4, 2005",23844,Rory O'Shea Was Here,Affliction
52,"Jul 4, 2008",21659,Diminished Capacity,Affliction
53,"Jun 13, 2008",11864,Quid Pro Quo,Affliction
54,"May 7, 2004",10304,Oasis,Affliction
55,"Mar 9, 2012",3161,Apart,Affliction
56,"May 19, 1999",431088295,Star Wars: Episode I - The Phantom Menace,Space_Opera
57,"May 25, 1977",307263857,Star Wars: Episode IV - A New Hope,Space_Opera
58,"May 16, 2002",302191252,Star Wars: Episode II - Attack of the Clones,Space_Opera
59,"May 25, 1983",252583617,Star Wars: Episode VI - Return of the Jedi,Space_Opera
60,"May 21, 1980",209398025,Star Wars: Episode V - The Empire Strikes Back,Space_Opera
61,"Jun 11, 2004",57761012,The Chronicles of Riddick,Space_Opera
62,"Dec 5, 1980",27107960,Flash Gordon,Space_Opera
63,"Jun 16, 2000",22753426,Titan A.E.,Space_Opera
64,"Mar 30, 1979",21671241,Buck Rogers in the 25th Century,Space_Opera
65,"Mar 12, 1999",11578059,Wing Commander,Space_Opera
66,"May 15, 2003",281576461,The Matrix Reloaded,Person_vs_Machine
67,"Jul 3, 1991",204843345,Terminator 2: Judgment Day,Person_vs_Machine
68,"Dec 17, 2010",172062763,TRON: Legacy,Person_vs_Machine
69,"Mar 31, 1999",171479930,The Matrix,Person_vs_Machine
70,"Jul 2, 2003",150371112,Terminator 3: Rise of the Machines,Person_vs_Machine
71,"Jul 16, 2004",144801023,"I, Robot",Person_vs_Machine
72,"Nov 5, 2003",139313948,The Matrix Revolutions,Person_vs_Machine
73,"May 21, 2009",125322469,Terminator Salvation,Person_vs_Machine
74,"Sep 26, 2008",101440743,Eagle Eye,Person_vs_Machine
75,"Jun 3, 1983",79567667,WarGames,Person_vs_Machine
76,"Oct 26, 1984",38371200,The Terminator,Person_vs_Machine
77,"Jul 9, 1982",33000000,TRON,Person_vs_Machine
78,"Jul 29, 2005",32116746,Stealth,Person_vs_Machine
79,"Apr 10, 2015",25442958,Ex Machina,Person_vs_Machine
80,"Aug 4, 1995",24047675,Virtuosity,Person_vs_Machine
81,"Apr 18, 2014",23022309,Transcendence,Person_vs_Machine
82,"Dec 9, 1983",21017849,Christine,Person_vs_Machine
83,"Jul 25, 1986",7433663,Maximum Overdrive,Person_vs_Machine
84,"Sep 14, 1990",5728953,Hardware,Person_vs_Machine
85,"Jan 26, 1996",5711695,Screamers,Person_vs_Machine
86,"Dec 31, 1993",5086909,Ghost in the Machine,Person_vs_Machine
87,"Jul 20, 1984",2193612,Electric Dreams,Person_vs_Machine
88,"Nov 22, 2013",424668047,The Hunger Games: Catching Fire,Post_Apocalypse
89,"Mar 23, 2012",408010692,The Hunger Games,Post_Apocalypse
90,"Nov 21, 2014",337135885,The Hunger Games: Mockingjay - Part 1,Post_Apocalypse
91,"Nov 20, 2015",281723902,The Hunger Games: Mockingjay - Part 2,Post_Apocalypse
92,"May 15, 2003",281576461,The Matrix Reloaded,Post_Apocalypse
93,"Dec 14, 2007",256393010,I Am Legend,Post_Apocalypse
94,"Jul 11, 2014",208545589,Dawn of the Planet of the Apes,Post_Apocalypse
95,"Jun 21, 2013",202359711,World War Z,Post_Apocalypse
96,"Mar 31, 1999",171479930,The Matrix,Post_Apocalypse
97,"May 15, 2015",153636354,Mad Max: Fury Road,Post_Apocalypse
98,"Jul 14, 2017",146880162,War for the Planet of the Apes,Post_Apocalypse
99,"Nov 5, 2003",139313948,The Matrix Revolutions,Post_Apocalypse
100,"May 21, 2009",125322469,Terminator Salvation,Post_Apocalypse
101,"Jun 12, 2013",101470202,This Is the End,Post_Apocalypse
102,"Jan 15, 2010",94835059,The Book of Eli,Post_Apocalypse
103,"Apr 19, 2013",89107235,Oblivion,Post_Apocalypse
104,"Jul 28, 1995",88246220,Waterworld,Post_Apocalypse
105,"Feb 14, 2019",85710210,Alita: Battle Angel,Post_Apocalypse
106,"Sep 18, 2015",81697192,Maze Runner: The Scorch Trials,Post_Apocalypse
107,"Oct 2, 2009",75590286,Zombieland,Post_Apocalypse
108,"Feb 1, 2013",66380662,Warm Bodies,Post_Apocalypse
109,"Mar 19, 2004",59020957,Dawn of the Dead,Post_Apocalypse
110,"Jan 26, 2018",58032443,Maze Runner: The Death Cure,Post_Apocalypse
111,"Jun 27, 2003",45064915,28 Days Later...,Post_Apocalypse
112,"Jul 12, 2002",43061982,Reign of Fire,Post_Apocalypse
113,"Jul 12, 1985",36230219,Mad Max Beyond Thunderdome,Post_Apocalypse
114,"May 11, 2007",28638916,28 Weeks Later,Post_Apocalypse
115,"Aug 9, 1996",25477365,Escape from L.A.,Post_Apocalypse
116,"Jul 10, 1981",25244626,Escape from New York,Post_Apocalypse
117,"May 21, 1982",23667907,Mad Max 2: The Road Warrior,Post_Apocalypse
118,"Dec 25, 1997",17626234,The Postman,Post_Apocalypse
119,"Oct 3, 2014",14019924,Left Behind,Post_Apocalypse
120,"Mar 14, 2008",11008770,Doomsday,Post_Apocalypse
121,"Mar 21, 1980",8750000,Mad Max,Post_Apocalypse
122,"Nov 25, 2009",8117000,The Road,Post_Apocalypse
123,"Oct 19, 1990",5835247,Night of the Living Dead,Post_Apocalypse
124,"Sep 14, 1990",5728953,Hardware,Post_Apocalypse
125,"Jan 26, 1996",5711695,Screamers,Post_Apocalypse
126,"Jul 19, 1985",5000000,Day of the Dead,Post_Apocalypse
127,"Jun 27, 2014",4563650,Snowpiercer,Post_Apocalypse
128,"Mar 31, 1995",4064495,Tank Girl,Post_Apocalypse
129,"Nov 4, 1983",2044892,Testament,Post_Apocalypse
130,"Apr 3, 1992",1794187,Delicatessen,Post_Apocalypse
131,"Sep 2, 1983",1723487,Stryker,Post_Apocalypse
132,"Nov 26, 1986",1579260,Solarbabies,Post_Apocalypse
133,"Jan 20, 1989",858591,The Terror Within,Post_Apocalypse
134,"Nov 6, 1987",562187,Steel Dawn,Post_Apocalypse
135,"Sep 19, 1986",220038,Radioactive Dreams,Post_Apocalypse
136,"Sep 18, 1998",146125,Six-String Samurai,Post_Apocalypse
137,"Sep 13, 2013",124561,Final: The Rapture,Post_Apocalypse
138,"Oct 17, 2003",73060,Returner,Post_Apocalypse
139,"Mar 16, 2012",40557,The FP,Post_Apocalypse
140,"Aug 29, 2012",20984,The Day,Post_Apocalypse
141,"Nov 29, 2002",2591,Dead or Alive: Final,Post_Apocalypse
142,"Jan 13, 2012",1708,Dystopia: 2013,Post_Apocalypse
143,"Dec 18, 2015",936662225,Star Wars: Episode VII - The Force Awakens,Supernatural
144,"Apr 26, 2019",858373000,Avengers: Endgame,Supernatural
145,"Feb 16, 2018",700059566,Black Panther,Supernatural
146,"Apr 27, 2018",678815482,Avengers: Infinity War,Supernatural
147,"May 4, 2012",623357910,The Avengers,Supernatural
148,"Dec 15, 2017",620181382,Star Wars: Episode VIII - The Last Jedi,Supernatural
149,"Jun 15, 2018",608581744,Incredibles 2,Supernatural
150,"Jul 18, 2008",533345358,The Dark Knight,Supernatural
151,"Dec 20, 2019",515202542,Star Wars: Episode IX - The Rise of Skywalker,Supernatural
152,"Mar 17, 2017",504014165,Beauty and the Beast,Supernatural
153,"May 1, 2015",459005868,Avengers: Age of Ultron,Supernatural
154,"Jul 20, 2012",448139099,The Dark Knight Rises,Supernatural
155,"May 19, 2004",441226247,Shrek 2,Supernatural
156,"May 19, 1999",431088295,Star Wars: Episode I - The Phantom Menace,Supernatural
157,"Mar 8, 2019",426829839,Captain Marvel,Supernatural
158,"Jun 2, 2017",412563408,Wonder Woman,Supernatural
159,"May 3, 2013",409013994,Iron Man 3,Supernatural
160,"May 6, 2016",408084349,Captain America: Civil War,Supernatural
161,"May 3, 2002",403706375,Spider-Man,Supernatural
162,"Nov 22, 2013",400738009,Frozen,Supernatural
163,"Jul 2, 2019",390532085,Spider-Man: Far from Home,Supernatural
164,"May 5, 2017",389813101,Guardians of the Galaxy Vol. 2,Supernatural
165,"Jul 15, 2011",381011219,Harry Potter and the Deathly Hallows: Part 2,Supernatural
166,"May 19, 2005",380270577,Star Wars: Episode III - Revenge of the Sith,Supernatural
167,"Dec 17, 2003",377027325,The Lord of the Rings: The Return of the King,Supernatural
168,"Jun 30, 2004",373585825,Spider-Man 2,Supernatural
169,"Feb 25, 2004",370274604,The Passion of the Christ,Supernatural
170,"Feb 12, 2016",363070709,Deadpool,Supernatural
171,"May 24, 2019",355559216,Aladdin,Supernatural
172,"Dec 18, 2002",339789881,The Lord of the Rings: The Two Towers,Supernatural
173,"May 4, 2007",336530303,Spider-Man 3,Supernatural
174,"Dec 21, 2018",335061807,Aquaman,Supernatural
175,"Jul 7, 2017",334201140,Spider-Man: Homecoming,Supernatural
176,"Mar 5, 2010",334191110,Alice in Wonderland,Supernatural
177,"Aug 1, 2014",333176600,Guardians of the Galaxy,Supernatural
178,"Mar 25, 2016",330360194,Batman v Superman: Dawn of Justice,Supernatural
179,"Sep 8, 2017",327481748,It,Supernatural
180,"Aug 5, 2016",325100054,Suicide Squad,Supernatural
181,"May 18, 2007",322719944,Shrek the Third,Supernatural
182,"May 2, 2008",318604126,Iron Man,Supernatural
183,"May 18, 2018",318491426,Deadpool 2,Supernatural
184,"Nov 16, 2001",317575550,Harry Potter and the Sorcerer's Stone,Supernatural
185,"Nov 3, 2017",315058289,Thor: Ragnarok,Supernatural
186,"Dec 19, 2001",313364114,The Lord of the Rings: The Fellowship of the Ring,Supernatural
187,"May 7, 2010",312433331,Iron Man 2,Supernatural
188,"May 25, 1977",307263857,Star Wars: Episode IV - A New Hope,Supernatural
189,"Dec 14, 2012",303003568,The Hobbit: An Unexpected Journey,Supernatural
190,"May 16, 2002",302191252,Star Wars: Episode II - Attack of the Clones,Supernatural
191,"Jul 15, 2009",301959197,Harry Potter and the Half-Blood Prince,Supernatural
192,"Jun 30, 2010",300531751,The Twilight Saga: Eclipse,Supernatural
193,"Nov 20, 2009",296623634,The Twilight Saga: New Moon,Supernatural
194,"Nov 19, 2010",295983305,Harry Potter and the Deathly Hallows: Part 1,Supernatural
195,"Aug 6, 1999",293506292,The Sixth Sense,Supernatural
196,"Nov 16, 2012",292324737,The Twilight Saga: Breaking Dawn - Part 2,Supernatural
197,"Jul 11, 2007",292004738,Harry Potter and the Order of the Phoenix,Supernatural
198,"Dec 9, 2005",291710957,"The Chronicles of Narnia: The Lion, the Witch and the Wardrobe",Supernatural
199,"Jun 14, 2013",291045518,Man of Steel,Supernatural
200,"Nov 18, 2005",290013036,Harry Potter and the Goblet of Fire,Supernatural
201,"Nov 18, 2011",281287133,The Twilight Saga: Breaking Dawn - Part 1,Supernatural
202,"May 16, 2001",267665011,Shrek,Supernatural
203,"Jul 3, 2012",262030663,The Amazing Spider-Man,Supernatural
204,"Nov 15, 2002",261988482,Harry Potter and the Chamber of Secrets,Supernatural
205,"Nov 5, 2004",261441092,The Incredibles,Supernatural
206,"Apr 4, 2014",259766572,Captain America: The Winter Soldier,Supernatural
207,"Dec 13, 2013",258366855,The Hobbit: The Desolation of Smaug,Supernatural
208,"Dec 17, 2014",255119788,The Hobbit: The Battle of the Five Armies,Supernatural
209,"May 25, 1983",252583617,Star Wars: Episode VI - Return of the Jedi,Supernatural
210,"Jun 23, 1989",251188924,Batman,Supernatural
211,"Dec 22, 2006",250863268,Night at the Museum,Supernatural
212,"Jun 4, 2004",249541069,Harry Potter and the Prisoner of Azkaban,Supernatural
213,"Nov 23, 2016",248757044,Moana,Supernatural
214,"May 23, 2003",242829261,Bruce Almighty,Supernatural
215,"May 30, 2014",241410378,Maleficent,Supernatural
216,"May 21, 2010",238736787,Shrek Forever After,Supernatural
217,"Jun 22, 2012",237283207,Brave,Supernatural
218,"Mar 8, 2013",234911825,Oz the Great and Powerful,Supernatural
219,"May 26, 2006",234362462,X-Men: The Last Stand,Supernatural
220,"Nov 18, 2016",234037575,Fantastic Beasts and Where to Find Them,Supernatural
221,"May 23, 2014",233921534,X-Men: Days of Future Past,Supernatural
222,"Nov 4, 2016",232641920,Doctor Strange,Supernatural
223,"Nov 17, 2017",229024295,Justice League,Supernatural
224,"Jul 2, 2008",227946274,Hancock,Supernatural
225,"Mar 3, 2017",226277068,Logan,Supernatural
226,"Nov 7, 2014",222527828,Big Hero 6,Supernatural
227,"Jun 29, 2012",218815487,Ted,Supernatural
228,"Jul 13, 1990",217631306,Ghost,Supernatural
229,"Mar 26, 2010",217581231,How to Train Your Dragon,Supernatural
230,"Nov 13, 1992",217350219,Aladdin,Supernatural
231,"Jul 6, 2018",216648740,Ant-Man and the Wasp,Supernatural
232,"May 2, 2003",214949694,X2: X-Men United,Supernatural
233,"Oct 5, 2018",213515506,Venom,Supernatural
234,"Sep 6, 2019",211593228,It Chapter Two,Supernatural
235,"Nov 22, 2017",209726015,Coco,Supernatural
236,"May 21, 1980",209398025,Star Wars: Episode V - The Empire Strikes Back,Supernatural
237,"Nov 8, 2013",206362140,Thor: The Dark World,Supernatural
238,"Jun 15, 2005",205343774,Batman Begins,Supernatural
239,"May 2, 2014",202853933,The Amazing Spider-Man 2,Supernatural
240,"Mar 13, 2015",201151353,Cinderella,Supernatural
241,"Nov 24, 2010",200821936,Tangled,Supernatural
242,"Jun 28, 2006",200081192,Superman Returns,Supernatural
243,"Apr 26, 2019",858373000,Avengers: Endgame,Alien_Invasion
244,"May 4, 2012",623357910,The Avengers,Alien_Invasion
245,"Mar 8, 2019",426829839,Captain Marvel,Alien_Invasion
246,"Jun 24, 2009",402111870,Transformers: Revenge of the Fallen,Alien_Invasion
247,"Jun 29, 2011",352390543,Transformers: Dark of the Moon,Alien_Invasion
248,"Jul 3, 2007",319246193,Transformers,Alien_Invasion
249,"Jul 3, 1996",306169268,Independence Day,Alien_Invasion
250,"Jun 14, 2013",291045518,Man of Steel,Alien_Invasion
251,"Jul 2, 1997",250690539,Men in Black,Alien_Invasion
252,"Jun 27, 2014",245439076,Transformers: Age of Extinction,Alien_Invasion
253,"Jun 29, 2005",234280354,War of the Worlds,Alien_Invasion
254,"Aug 2, 2002",227966634,Signs,Alien_Invasion
255,"Mar 27, 2009",198351526,Monsters vs. Aliens,Alien_Invasion
256,"Jul 3, 2002",190418803,Men in Black II,Alien_Invasion
257,"Apr 6, 2018",188024361,A Quiet Place,Alien_Invasion
258,"May 25, 2012",179020854,Men in Black 3,Alien_Invasion
259,"Mar 27, 2015",177397510,Home,Alien_Invasion
260,"Nov 4, 2005",135386665,Chicken Little,Alien_Invasion
261,"Jun 21, 2017",130168683,Transformers: The Last Knight,Alien_Invasion
262,"Aug 14, 2009",115646235,District 9,Alien_Invasion
263,"Jun 24, 2016",103144286,Independence Day: Resurgence,Alien_Invasion
264,"Jul 12, 2013",101802906,Pacific Rim,Alien_Invasion
265,"Nov 11, 2016",100546139,Arrival,Alien_Invasion
266,"Jul 29, 2011",100240551,Cowboys & Aliens,Alien_Invasion
267,"Jun 6, 2014",100206256,Edge of Tomorrow,Alien_Invasion
268,"Mar 11, 2011",83552429,Battle Los Angeles,Alien_Invasion
269,"Dec 12, 2008",79366978,The Day the Earth Stood Still,Alien_Invasion
270,"Jul 24, 2015",78747585,Pixels,Alien_Invasion
271,"May 18, 2012",65422625,Battleship,Alien_Invasion
272,"Nov 1, 2013",61737191,Ender's Game,Alien_Invasion
273,"Feb 15, 2013",57012977,Escape from Planet Earth,Alien_Invasion
274,"Feb 18, 2011",55100437,I Am Number Four,Alien_Invasion
275,"Dec 25, 1998",40283321,The Faculty,Alien_Invasion
276,"Jun 8, 2001",38345494,Evolution,Alien_Invasion
277,"Dec 13, 1996",37771017,Mars Attacks!,Alien_Invasion
278,"Jul 27, 2012",35353000,The Watch,Alien_Invasion
279,"Jan 22, 2016",34916787,The 5th Wave,Alien_Invasion
280,"Mar 29, 2013",26627201,The Host,Alien_Invasion
281,"Aug 23, 2013",26004851,The World's End,Alien_Invasion
282,"Oct 7, 1988",25216243,Alien Nation,Alien_Invasion
283,"May 12, 2000",21471685,Battlefield Earth,Alien_Invasion
284,"Dec 25, 2011",21443494,The Darkest Hour,Alien_Invasion
285,"Nov 12, 2010",21393620,Skyline,Alien_Invasion
286,"Apr 27, 1990",15369573,Spaced Invaders,Alien_Invasion
287,"Aug 17, 2007",15074191,The Invasion,Alien_Invasion
288,"May 31, 1996",14063331,The Arrival,Alien_Invasion
289,"Nov 4, 1988",13008928,They Live,Alien_Invasion
290,"Jan 4, 2002",6285176,Impostor,Alien_Invasion
291,"Mar 15, 2019",5958315,Captive State,Alien_Invasion
292,"Jul 29, 2011",1024175,Attack the Block,Alien_Invasion
293,"Aug 8, 2003",671372,Koi... Mil Gaya,Alien_Invasion
294,"Jan 14, 1994",428868,Body Snatchers,Alien_Invasion
295,"Apr 3, 2009",104526,Alien Trespass,Alien_Invasion
296,"Apr 8, 2011",91260,Evil Bong 3: The Wrath of Bong,Alien_Invasion
297,"Oct 30, 2015",70958,Freaks of Nature,Alien_Invasion
298,"Jun 2, 2017",22943,The Recall,Alien_Invasion
299,"May 31, 2013",17646,The History of Future Folk,Alien_Invasion
300,"Jan 18, 2013",72,Storage 24,Alien_Invasion
301,"Apr 26, 2019",858373000,Avengers: Endgame,Time_Travel
302,"May 8, 2009",257730019,Star Trek,Time_Travel
303,"May 23, 2014",233921534,X-Men: Days of Future Past,Time_Travel
304,"Jul 26, 2002",213307889,Austin Powers in Goldmember,Time_Travel
305,"Jul 3, 1985",210609762,Back to the Future,Time_Travel
306,"Jun 11, 1999",206040086,Austin Powers: The Spy Who Shagged Me,Time_Travel
307,"Jul 3, 1991",204843345,Terminator 2: Judgment Day,Time_Travel
308,"May 25, 2012",179020854,Men in Black 3,Time_Travel
309,"Jul 2, 2003",150371112,Terminator 3: Rise of the Machines,Time_Travel
310,"Nov 22, 1989",118450002,Back to the Future Part II,Time_Travel
311,"Mar 7, 2014",111506430,Mr. Peabody & Sherman,Time_Travel
312,"Nov 26, 1986",109713132,Star Trek IV: The Voyage Home,Time_Travel
313,"Mar 30, 2007",97822171,Meet the Robinsons,Time_Travel
314,"Nov 22, 1996",92027888,Star Trek: First Contact,Time_Travel
315,"Jul 1, 2015",89760956,Terminator Genisys,Time_Travel
316,"May 25, 1990",87727583,Back to the Future Part III,Time_Travel
317,"Sep 30, 2016",87242834,Miss Peregrine's Home for Peculiar Children,Time_Travel
318,"Sep 28, 2012",66486205,Looper,Time_Travel
319,"Nov 22, 2006",64038616,Deja Vu,Time_Travel
320,"Aug 14, 2009",63414846,The Time Traveler's Wife,Time_Travel
321,"Jan 23, 2004",57938693,The Butterfly Effect,Time_Travel
322,"Dec 29, 1995",57141459,12 Monkeys,Time_Travel
323,"Mar 8, 2002",56832494,The Time Machine,Time_Travel
324,"Nov 1, 2013",55750480,Free Birds,Time_Travel
325,"Apr 1, 2011",54712227,Source Code,Time_Travel
326,"Mar 26, 2010",50287556,Hot Tub Time Machine,Time_Travel
327,"Dec 25, 2001",47121859,Kate & Leopold,Time_Travel
328,"Apr 28, 2000",45010278,Frequency,Time_Travel
329,"Sep 16, 1994",44853581,Timecop,Time_Travel
330,"Nov 6, 1981",42365581,Time Bandits,Time_Travel
331,"Mar 19, 1993",42273609,Teenage Mutant Ninja Turtles III,Time_Travel
332,"Oct 10, 1986",41382841,Peggy Sue Got Married,Time_Travel
333,"Feb 17, 1989",40485039,Bill & Ted's Excellent Adventure,Time_Travel
334,"Oct 26, 1984",38371200,The Terminator,Time_Travel
335,"Nov 21, 2001",33426971,Black Knight,Time_Travel
336,"Jan 30, 2015",22348241,Project Almanac,Time_Travel
337,"Nov 26, 2003",19481943,Timeline,Time_Travel
338,"Jul 30, 1986",18564613,Flight of the Navigator,Time_Travel
339,"Jan 17, 1992",17129026,Freejack,Time_Travel
340,"Aug 1, 1980",16647800,The Final Countdown,Time_Travel
341,"Nov 1, 2013",15322921,About Time,Time_Travel
342,"Aug 11, 1995",13406717,A Kid in King Arthur's Court,Time_Travel
343,"Feb 20, 2015",12314651,Hot Tub Time Machine 2,Time_Travel
344,"Feb 19, 1993",11502976,Army of Darkness,Time_Travel
345,"Oct 3, 1980",9709597,Somewhere in Time,Time_Travel
346,"Aug 3, 1984",8103330,The Philadelphia Experiment,Time_Travel
347,"Aug 25, 1989",5777099,Millennium,Time_Travel
348,"Apr 6, 2001",4781539,Just Visiting,Time_Travel
349,"Sep 2, 2005",1900451,A Sound of Thunder,Time_Travel
350,"Oct 25, 2002",1285167,Time Changer,Time_Travel
351,"Aug 30, 1991",869325,Beastmaster 2: Through the Portal of Time,Time_Travel
352,"Jul 12, 1996",659810,The Visitors,Time_Travel
353,"Mar 1, 2013",549632,The Lost Medallion: The Adventures of Billy Stone,Time_Travel
354,"Apr 27, 2012",408015,Sound of My Voice,Time_Travel
355,"Nov 2, 1990",334748,Roger Corman's Frankenstein Unbound,Time_Travel
356,"Mar 27, 1998",146072,The Visitors II: The Corridors of Time,Time_Travel
357,"Jan 9, 2015",68372,Predestination,Time_Travel
358,"Apr 15, 2016",59425,Time Renegades,Time_Travel
359,"Oct 12, 1990",52310,The Spirit of '76,Time_Travel
360,"Aug 4, 1989",12682,The Time Guardian,Time_Travel
361,"Nov 9, 2018",10003,Time Freak,Time_Travel
362,"Jan 22, 2016",4505,Synchronicity,Time_Travel
363,"Nov 12, 1993",2970,Philadelphia Experiment II,Time_Travel
364,"Apr 26, 2019",858373000,Avengers: Endgame,Superhero
365,"Feb 16, 2018",700059566,Black Panther,Superhero
366,"Apr 27, 2018",678815482,Avengers: Infinity War,Superhero
367,"May 4, 2012",623357910,The Avengers,Superhero
368,"Jun 15, 2018",608581744,Incredibles 2,Superhero
369,"Jul 18, 2008",533345358,The Dark Knight,Superhero
370,"May 1, 2015",459005868,Avengers: Age of Ultron,Superhero
371,"Jul 20, 2012",448139099,The Dark Knight Rises,Superhero
372,"Mar 8, 2019",426829839,Captain Marvel,Superhero
373,"Jun 2, 2017",412563408,Wonder Woman,Superhero
374,"May 3, 2013",409013994,Iron Man 3,Superhero
375,"May 6, 2016",408084349,Captain America: Civil War,Superhero
376,"May 3, 2002",403706375,Spider-Man,Superhero
377,"Jul 2, 2019",390532085,Spider-Man: Far from Home,Superhero
378,"May 5, 2017",389813101,Guardians of the Galaxy Vol. 2,Superhero
379,"Jun 30, 2004",373585825,Spider-Man 2,Superhero
380,"Feb 12, 2016",363070709,Deadpool,Superhero
381,"May 4, 2007",336530303,Spider-Man 3,Superhero
382,"Dec 21, 2018",335061807,Aquaman,Superhero
383,"Jul 7, 2017",334201140,Spider-Man: Homecoming,Superhero
384,"Aug 1, 2014",333176600,Guardians of the Galaxy,Superhero
385,"Mar 25, 2016",330360194,Batman v Superman: Dawn of Justice,Superhero
386,"Aug 5, 2016",325100054,Suicide Squad,Superhero
387,"May 2, 2008",318604126,Iron Man,Superhero
388,"May 18, 2018",318491426,Deadpool 2,Superhero
389,"Nov 3, 2017",315058289,Thor: Ragnarok,Superhero
390,"May 7, 2010",312433331,Iron Man 2,Superhero
391,"Jun 14, 2013",291045518,Man of Steel,Superhero
392,"Jul 3, 2012",262030663,The Amazing Spider-Man,Superhero
393,"Nov 5, 2004",261441092,The Incredibles,Superhero
394,"Apr 4, 2014",259766572,Captain America: The Winter Soldier,Superhero
395,"Jun 23, 1989",251188924,Batman,Superhero
396,"May 26, 2006",234362462,X-Men: The Last Stand,Superhero
397,"May 23, 2014",233921534,X-Men: Days of Future Past,Superhero
398,"Nov 4, 2016",232641920,Doctor Strange,Superhero
399,"Nov 17, 2017",229024295,Justice League,Superhero
400,"Jul 2, 2008",227946274,Hancock,Superhero
401,"Mar 3, 2017",226277068,Logan,Superhero
402,"Nov 7, 2014",222527828,Big Hero 6,Superhero
403,"Jul 6, 2018",216648740,Ant-Man and the Wasp,Superhero
404,"May 2, 2003",214949694,X2: X-Men United,Superhero
405,"Oct 5, 2018",213515506,Venom,Superhero
406,"Nov 8, 2013",206362140,Thor: The Dark World,Superhero
407,"Jun 15, 2005",205343774,Batman Begins,Superhero
408,"May 2, 2014",202853933,The Amazing Spider-Man 2,Superhero
409,"Jun 28, 2006",200081192,Superman Returns,Superhero
410,"Aug 8, 2014",191204754,Teenage Mutant Ninja Turtles,Superhero
411,"Dec 14, 2018",190241310,Spider-Man: Into the Spider-Verse,Superhero
412,"Jun 16, 1995",184031112,Batman Forever,Superhero
413,"May 6, 2011",181030624,Thor,Superhero
414,"Jul 17, 2015",180202163,Ant-Man,Superhero
415,"May 1, 2009",179883157,X-Men Origins: Wolverine,Superhero
416,"Jul 22, 2011",176654505,Captain America: The First Avenger,Superhero
417,"Feb 10, 2017",175750384,The Lego Batman Movie,Superhero
418,"Jun 19, 1992",162831698,Batman Returns,Superhero
419,"Jul 14, 2000",157299718,X-Men,Superhero
420,"May 27, 2016",155442489,X-Men: Apocalypse,Superhero
421,"Jul 8, 2005",154696080,Fantastic Four,Superhero
422,"Nov 5, 2010",148415853,Megamind,Superhero
423,"Jun 3, 2011",146408305,X-Men: First Class,Superhero
424,"Apr 5, 2019",140371656,Shazam!,Superhero
425,"Mar 30, 1990",135265915,Teenage Mutant Ninja Turtles,Superhero
426,"Jun 13, 2008",134806913,The Incredible Hulk,Superhero
427,"Jun 27, 2008",134508551,Wanted,Superhero
428,"Dec 15, 1978",134218018,Superman,Superhero
429,"Jul 26, 2013",132556852,The Wolverine,Superhero
430,"Jun 20, 2003",132177234,Hulk,Superhero
431,"Jun 15, 2007",131921738,Fantastic 4: Rise of the Silver Surfer,Superhero
432,"Jun 17, 2011",116601172,Green Lantern,Superhero
433,"Feb 16, 2007",115802596,Ghost Rider,Superhero
434,"Jun 19, 1981",108185706,Superman II,Superhero
435,"Mar 6, 2009",107509799,Watchmen,Superhero
436,"Jun 20, 1997",107325195,Batman & Robin,Superhero
437,"Feb 14, 2003",102543518,Daredevil,Superhero
438,"Jan 14, 2011",98780042,The Green Hornet,Superhero
439,"Nov 22, 2000",95011339,Unbreakable,Superhero
440,"Jul 17, 1998",94095523,The Mask of Zorro,Superhero
441,"Mar 24, 2017",85364450,Power Rangers,Superhero
442,"Feb 7, 2020",84158461,Birds of Prey: And the Fantabulous Emancipation of One Harley Quinn,Superhero
443,"Mar 22, 2002",82348319,Blade II,Superhero
444,"Jun 3, 2016",82051601,Teenage Mutant Ninja Turtles: Out of the Shadows,Superhero
445,"Mar 22, 1991",78656813,Teenage Mutant Ninja Turtles II: The Secret of the Ooze,Superhero
446,"Jul 11, 2008",75986503,Hellboy II: The Golden Army,Superhero
447,"Aug 21, 1998",70087718,Blade,Superhero
448,"Jun 7, 2019",65845974,X-Men: Dark Phoenix,Superhero
449,"Feb 3, 2012",64575175,Chronicle,Superhero
450,"Jul 29, 2005",63946815,Sky High,Superhero
451,"Jun 17, 1983",59950623,Superman III,Superhero
452,"Apr 2, 2004",59623958,Hellboy,Superhero
453,"Aug 7, 2015",56117548,Fantastic Four,Superhero
454,"Aug 1, 1997",54870175,Spawn,Superhero
455,"Dec 8, 2004",52411906,Blade: Trinity,Superhero
456,"Feb 17, 2012",51774002,Ghost Rider: Spirit of Vengeance,Superhero
457,"May 13, 1994",50693129,The Crow,Superhero
458,"Apr 16, 2010",48071303,Kick-Ass,Superhero
459,"Jun 21, 1991",46704056,The Rocketeer,Superhero
460,"Oct 28, 2005",46464023,The Legend of Zorro,Superhero
461,"Mar 19, 1993",42273609,Teenage Mutant Ninja Turtles III,Superhero
462,"Jul 23, 2004",40202379,Catwoman,Superhero
463,"Jun 30, 1995",38187431,Mighty Morphin Power Rangers: The Movie,Superhero
464,"May 1, 2015",459005868,Avengers: Age of Ultron,Robot
465,"Jun 24, 2009",402111870,Transformers: Revenge of the Fallen,Robot
466,"Jun 29, 2011",352390543,Transformers: Dark of the Moon,Robot
467,"Jul 3, 2007",319246193,Transformers,Robot
468,"Jun 27, 2014",245439076,Transformers: Age of Extinction,Robot
469,"May 23, 2014",233921534,X-Men: Days of Future Past,Robot
470,"Jun 27, 2008",223808164,WALL·E,Robot
471,"Nov 7, 2014",222527828,Big Hero 6,Robot
472,"Jul 3, 1991",204843345,Terminator 2: Judgment Day,Robot
473,"Jul 2, 2003",150371112,Terminator 3: Rise of the Machines,Robot
474,"Jul 16, 2004",144801023,"I, Robot",Robot
475,"Jun 21, 2017",130168683,Transformers: The Last Knight,Robot
476,"Mar 11, 2005",128200012,Robots,Robot
477,"Dec 21, 2018",127195589,Bumblebee,Robot
478,"Jun 8, 2012",126477084,Prometheus,Robot
479,"May 21, 2009",125322469,Terminator Salvation,Robot
480,"Jul 12, 2013",101802906,Pacific Rim,Robot
481,"Jul 23, 1999",97403112,Inspector Gadget,Robot
482,"Oct 6, 2017",92054159,Blade Runner 2049,Robot
483,"Nov 22, 1996",92027888,Star Trek: First Contact,Robot
484,"Jul 1, 2015",89760956,Terminator Genisys,Robot
485,"Feb 14, 2019",85710210,Alita: Battle Angel,Robot
486,"Oct 7, 2011",85468508,Real Steel,Robot
487,"Jun 29, 2001",78616689,A.I. Artificial Intelligence,Robot
488,"Nov 1, 2019",62253077,Terminator: Dark Fate,Robot
489,"Mar 23, 2018",59874525,Pacific Rim: Uprising,Robot
490,"Jun 11, 2004",59484742,The Stepford Wives,Robot
491,"Feb 12, 2014",58607007,RoboCop,Robot
492,"Dec 17, 1999",58223861,Bicentennial Man,Robot
493,"Jul 17, 1987",53424681,RoboCop,Robot
494,"Jun 22, 1990",45681173,RoboCop 2,Robot
495,"May 9, 1986",40697761,Short Circuit,Robot
496,"Mar 31, 2017",40563557,Ghost in the Shell,Robot
497,"Sep 25, 2009",38577772,Surrogates,Robot
498,"Oct 26, 1984",38371200,The Terminator,Robot
499,"Sep 17, 2004",37762677,Sky Captain and the World of Tomorrow,Robot
500,"Jul 10, 1992",36299898,Universal Soldier,Robot
501,"Mar 6, 2015",31569268,Chappie,Robot
502,"Jun 25, 1982",27580111,Blade Runner,Robot
503,"Apr 10, 2015",25442958,Ex Machina,Robot
504,"Aug 3, 1999",23159305,The Iron Giant,Robot
505,"Jul 8, 1988",21630088,Short Circuit 2,Robot
506,"Jun 1, 2018",11977130,Upgrade,Robot
507,"Nov 5, 1993",10696210,RoboCop 3,Robot
508,"Aug 20, 1999",10667893,Universal Soldier: The Return,Robot
509,"Apr 7, 1989",10166459,Cyborg,Robot
510,"Oct 10, 1986",8988731,Deadly Friend,Robot
511,"Jun 14, 1985",7840873,D.A.R.Y.L.,Robot
512,"Aug 24, 2018",6501381,A-X-L,Robot
513,"Aug 8, 1986",5849647,The Transformers: The Movie,Robot
514,"Sep 14, 1990",5728953,Hardware,Robot
515,"Jan 18, 1991",5451119,Eve of Destruction,Robot
516,"Aug 23, 1996",5107669,Solo,Robot
517,"Jan 31, 1986",4601256,Eliminators,Robot
518,"Aug 17, 2012",3325038,Robot & Frank,Robot
519,"May 11, 1990",2459895,Class of 1999,Robot
520,"Dec 18, 1981",2154696,Heartbeeps,Robot
521,"Jan 29, 1993",2001124,Nemesis,Robot
522,"Apr 10, 1987",1584970,Making Mr. Right,Robot
523,"Nov 21, 1990",1272977,Robot Jox,Robot
524,"Feb 13, 2004",131451,Robot Stories,Robot
525,"Mar 13, 2015",16738,Eva,Robot
526,"Nov 30, 2012",5460,Universal Soldier: Day of Reckoning,Robot
527,"Nov 22, 2013",424668047,The Hunger Games: Catching Fire,Future
528,"Mar 23, 2012",408010692,The Hunger Games,Future
529,"Nov 21, 2014",337135885,The Hunger Games: Mockingjay - Part 1,Future
530,"Nov 20, 2015",281723902,The Hunger Games: Mockingjay - Part 2,Future
531,"May 15, 2003",281576461,The Matrix Reloaded,Future
532,"Dec 14, 2007",256393010,I Am Legend,Future
533,"Oct 2, 2015",228433663,The Martian,Future
534,"Mar 3, 2017",226277068,Logan,Future
535,"Jul 11, 2014",208545589,Dawn of the Planet of the Apes,Future
536,"Jun 21, 2013",202359711,World War Z,Future
537,"Nov 5, 2014",188020017,Interstellar,Future
538,"Mar 31, 1999",171479930,The Matrix,Future
539,"Nov 13, 2009",166112167,2012,Future
540,"May 15, 2015",153636354,Mad Max: Fury Road,Future
541,"Mar 21, 2014",150947895,Divergent,Future
542,"Jul 14, 2017",146880162,War for the Planet of the Apes,Future
543,"Jul 16, 2004",144801023,"I, Robot",Future
544,"Nov 5, 2003",139313948,The Matrix Revolutions,Future
545,"Mar 29, 2018",137690172,Ready Player One,Future
546,"Jun 21, 2002",132072926,Minority Report,Future
547,"Mar 20, 2015",130179072,Insurgent,Future
548,"Jun 8, 2012",126477084,Prometheus,Future
549,"May 21, 2009",125322469,Terminator Salvation,Future
550,"Jun 1, 1990",119394840,Total Recall,Future
551,"Nov 22, 1989",118450002,Back to the Future Part II,Future
552,"Jun 12, 2013",101470202,This Is the End,Future
553,"Dec 21, 2016",100014699,Passengers,Future
554,"Jan 15, 2010",94835059,The Book of Eli,Future
555,"Oct 6, 2017",92054159,Blade Runner 2049,Future
556,"Apr 19, 2013",89107235,Oblivion,Future
557,"Jul 28, 1995",88246220,Waterworld,Future
558,"Feb 14, 2019",85710210,Alita: Battle Angel,Future
559,"Oct 7, 2011",85468508,Real Steel,Future
560,"Sep 18, 2015",81697192,Maze Runner: The Scorch Trials,Future
561,"Jul 1, 2016",79213375,The Purge: Election Year,Future
562,"Jun 29, 2001",78616689,A.I. Artificial Intelligence,Future
563,"Oct 2, 2009",75590286,Zombieland,Future
564,"Jul 18, 2014",71962800,The Purge: Anarchy,Future
565,"Mar 17, 2006",70511035,V for Vendetta,Future
566,"Apr 3, 1998",69117629,Lost in Space,Future
567,"Sep 28, 2012",66486205,Looper,Future
568,"Feb 1, 2013",66380662,Warm Bodies,Future
569,"Mar 18, 2016",66184051,Allegiant,Future
570,"Jun 7, 2013",64473115,The Purge,Future
571,"May 9, 1997",63820180,The Fifth Element,Future
572,"Mar 19, 2004",59020957,Dawn of the Dead,Future
573,"Aug 3, 2012",58877969,Total Recall,Future
574,"Feb 12, 2014",58607007,RoboCop,Future
575,"Dec 17, 1999",58223861,Bicentennial Man,Future
576,"Oct 8, 1993",58055768,Demolition Man,Future
577,"Jan 26, 2018",58032443,Maze Runner: The Death Cure,Future
578,"Dec 29, 1995",57141459,12 Monkeys,Future
579,"Dec 25, 2003",53790451,Paycheck,Future
580,"Jun 27, 2003",45064915,28 Days Later...,Future
581,"Jul 12, 2002",43061982,Reign of Fire,Future
582,"Dec 7, 1984",40400657,2010,Future
583,"Nov 13, 1987",38122105,The Running Man,Future
584,"Oct 28, 2011",37520095,In Time,Future
585,"Jul 12, 1985",36230219,Mad Max Beyond Thunderdome,Future
586,"Jul 22, 2005",35818913,The Island,Future
587,"Dec 25, 2006",35552383,Children of Men,Future
588,"Jun 30, 1995",34693481,Judge Dredd,Future
589,"Nov 17, 2000",34604280,The 6th Day,Future
590,"Nov 21, 1990",30669413,Predator 2,Future
591,"May 11, 2007",28638916,28 Weeks Later,Future
592,"Jun 25, 1982",27580111,Blade Runner,Future
593,"Aug 15, 1997",26673242,Event Horizon,Future
594,"Dec 2, 2005",25874337,Æon Flux,Future
595,"Dec 18, 2013",25568251,Her,Future
596,"Aug 9, 1996",25477365,Escape from L.A.,Future
597,"Jul 10, 1981",25244626,Escape from New York,Future
598,"Oct 7, 1988",25216243,Alien Nation,Future
599,"May 21, 1982",23667907,Mad Max 2: The Road Warrior,Future
600,"Aug 29, 2008",22532572,Babylon A.D.,Future
601,"May 26, 1995",19075720,Johnny Mnemonic,Future
602,"Mar 3, 2006",18535812,Ultraviolet,Future
603,"Dec 25, 1997",17626234,The Postman,Future
604,"Jan 17, 1992",17129026,Freejack,Future
605,"Oct 23, 1998",14594226,Soldier,Future
606,"Apr 13, 2012",14326864,Lockout,Future
607,"Oct 3, 2014",14019924,Left Behind,Future
608,"Mar 19, 2010",13794835,Repo Men,Future
609,"Oct 24, 1997",12532777,Gattaca,Future
610,"Jun 1, 2018",11977130,Upgrade,Future
611,"Mar 14, 2008",11008770,Doomsday,Future
612,"Dec 18, 1985",9929135,Brazil,Future
613,"Mar 21, 1980",8750000,Mad Max,Future
614,"Dec 14, 1984",8430492,1984,Future
615,"Nov 25, 2009",8117000,The Road,Future
616,"Oct 6, 1995",7959291,Strange Days,Future
617,"Mar 15, 2019",5958315,Captive State,Future
618,"Oct 19, 1990",5835247,Night of the Living Dead,Future
619,"Sep 14, 1990",5728953,Hardware,Future
620,"Jan 26, 1996",5711695,Screamers,Future
621,"Jul 19, 1985",5000000,Day of the Dead,Future
622,"Mar 9, 1990",4960385,The Handmaid's Tale,Future
623,"Jun 27, 2014",4563650,Snowpiercer,Future
624,"Mar 31, 1995",4064495,Tank Girl,Future
625,"Jul 20, 2007",3675753,Sunshine,Future
626,"Aug 17, 2012",3325038,Robot & Frank,Future
